,Text Features,Damage Features,Layering Features,Vertical Pattern
Text Features,0.9999999999999998,-0.5913093730370692,-0.5934105415259007,0.12304617430727019
Damage Features,-0.5913093730370693,0.9999999999999998,0.13453183598242954,-0.5813165722206841
Layering Features,-0.5934105415259007,0.13453183598242954,1.0,-0.4853380265835018
Vertical Pattern,0.12304617430727019,-0.5813165722206841,-0.48533802658350184,1.0
