step,train_improvements,validation_improvements
0,-3.7156,-6.215909090909091
5000,0.0228,4.806818181818182
