step,train_improvements,validation_improvements
0,-3.0066,-5.741379310344827
5000,-0.1968,1.8275862068965518
