step,train_improvements,validation_improvements
0,-3.8708,-5.6020408163265305
5000,-0.47,3.5816326530612246
