step,train_improvements,validation_improvements
0,-2.1956,-7.628205128205129
5000,0.7885,2.269230769230769
