step,train_improvements,validation_improvements
0,8.095,14.055555555555555
1000,8.649,14.055555555555555
2000,8.078,14.055555555555555
3000,8.70675,14.277777777777779
4000,8.61,14.277777777777779
5000,9.1665,17.11111111111111
6000,9.929428571428572,19.38888888888889
7000,10.471375,20.27777777777778
8000,10.923777777777778,20.444444444444443
9000,11.2175,19.333333333333332
