step,train_improvements,validation_improvements
0,-2.1336,-7.602941176470588
5000,1.0157,2.6911764705882355
